A_h,E_h,Ep,theta,xsect_h,xsect_e_h,xsect_d,xsect_e_d
1,10.602,1.165,38.975,0.412181536,0.061643651,0.327338633,0.047039733
1,10.602,1.185,38.975,0.405146768,0.054266003,0.324900106,0.041833772
1,10.602,1.205,38.975,0.396936674,0.047770723,0.319187081,0.036925552
1,10.602,1.225,38.975,0.384450039,0.041358492,0.310867977,0.032176482
1,10.602,1.245,38.975,0.370372132,0.03600067,0.303942062,0.028428201
1,10.602,1.265,38.975,0.358678341,0.031231997,0.293720792,0.024636227
1,10.602,1.285,38.975,0.340592993,0.026736089,0.284098993,0.021512794
1,10.602,1.305,38.975,0.336247596,0.023840814,0.284216629,0.019460857
1,10.602,1.325,38.975,0.329162313,0.021139121,0.268712333,0.016697273
1,10.602,1.345,38.975,0.315449629,0.018344884,0.261713222,0.014755594
1,10.602,1.365,38.975,0.306872731,0.016249462,0.257319623,0.013248583
1,10.602,1.385,38.975,0.301214772,0.014619804,0.241207491,0.011431949
1,10.602,1.405,38.975,0.294072484,0.013025885,0.23350857,0.010151096
1,10.602,1.425,38.975,0.284557329,0.011649057,0.225225482,0.009081361
1,10.602,1.445,38.975,0.283171601,0.010724239,0.219577722,0.008264845
1,10.602,1.465,38.975,0.272831258,0.009655583,0.216117959,0.007645723
1,10.602,1.485,38.975,0.260893684,0.008636577,0.205737041,0.006869696
1,10.602,1.505,38.975,0.254376076,0.007958323,0.20207592,0.006436832
1,10.602,1.525,38.975,0.246857201,0.007388231,0.194473184,0.005987507
1,10.602,1.545,38.975,0.234999313,0.006436869,0.18600736,0.004997962
1,10.602,1.565,38.975,0.22231586,0.005840116,0.178207964,0.004597275
1,10.602,1.585,38.975,0.214291053,0.005435266,0.172000636,0.004288026
1,10.602,1.605,38.975,0.208807938,0.005118605,0.167361342,0.004042216
1,10.602,1.625,38.975,0.203413381,0.004871547,0.160522394,0.003799468
1,10.602,1.645,38.975,0.192497311,0.004502245,0.152772883,0.003549223
1,10.602,1.665,38.975,0.185315153,0.00427195,0.148096317,0.003374734
1,10.602,1.685,38.975,0.180445712,0.004105961,0.140072244,0.003164126
1,10.602,1.705,38.975,0.175505626,0.003970736,0.133790618,0.003007581
1,10.602,1.725,38.975,0.168538672,0.003775091,0.131646991,0.002931347
1,10.602,1.745,38.975,0.161196987,0.00360708,0.12423397,0.002768579
1,10.602,1.765,38.975,0.15530788,0.003480558,0.12117753,0.00270826
1,10.602,1.785,38.975,0.149108957,0.003332374,0.113120708,0.002529829
1,10.602,1.805,38.975,0.144711977,0.003245456,0.110145405,0.002473202
1,10.602,1.825,38.975,0.139716575,0.003163001,0.10532875,0.002380642
1,10.602,1.845,38.975,0.132091838,0.003012106,0.101092831,0.002294556
1,10.602,1.865,38.975,0.129428228,0.002960144,0.097866689,0.002246503
1,10.602,1.885,38.975,0.121131302,0.002811922,0.092391127,0.002152684
1,10.602,1.525,32.975,0.685360578,0.033764822,0.546999769,0.025944384
1,10.602,1.545,32.975,0.671626478,0.030696331,0.539582658,0.023731046
1,10.602,1.565,32.975,0.667990385,0.028429438,0.524209372,0.021466209
1,10.602,1.585,32.975,0.643787823,0.025561652,0.514089071,0.019631875
1,10.602,1.605,32.975,0.617881009,0.023017794,0.506808753,0.018146513
1,10.602,1.625,32.975,0.595930408,0.020789045,0.485795832,0.016291597
1,10.602,1.645,32.975,0.58651601,0.019386453,0.471886424,0.014989387
1,10.602,1.665,32.975,0.566746883,0.017833382,0.453855852,0.013701836
1,10.602,1.685,32.975,0.559902029,0.016800284,0.448514273,0.012901412
1,10.602,1.705,32.975,0.545859127,0.015780697,0.438749892,0.012128104
1,10.602,1.725,32.975,0.527692682,0.014705995,0.429312517,0.011438601
1,10.602,1.745,32.975,0.518266292,0.013968553,0.411823902,0.010601376
1,10.602,1.765,32.975,0.504127567,0.013259974,0.406343339,0.01016953
1,10.602,1.785,32.975,0.496110388,0.012788377,0.39774623,0.009757293
1,10.602,1.805,32.975,0.48879093,0.012391119,0.381188703,0.009201294
1,10.602,1.825,32.975,0.475942224,0.011869963,0.380885601,0.008999085
1,10.602,1.845,32.975,0.472816624,0.011650824,0.371710943,0.008688546
1,10.602,1.865,32.975,0.466372846,0.011425857,0.358415356,0.00832088
1,10.602,1.885,32.975,0.446345839,0.010866257,0.348721392,0.008008037
1,10.602,1.905,32.975,0.445712511,0.01081594,0.345373083,0.007911447
1,10.602,1.925,32.975,0.43855676,0.010642848,0.336671552,0.007706409
1,10.602,1.945,32.975,0.422587,0.010304334,0.329825494,0.007508062
1,10.602,1.965,32.975,0.414568172,0.010097909,0.324177424,0.007410765
1,10.602,1.985,32.975,0.405251183,0.009933265,0.313791817,0.007214843
1,10.602,2.005,32.975,0.408728336,0.010007764,0.306987453,0.007064274
1,10.602,1.785,28.99,1.02107522,0.033192118,0.847117385,0.026900837
1,10.602,1.805,28.99,1.008656796,0.031189895,0.825728381,0.024983629
1,10.602,1.825,28.99,0.990424962,0.029386202,0.823762471,0.023949982
1,10.602,1.845,28.99,0.988918367,0.028189957,0.798476835,0.022363129
1,10.602,1.865,28.99,0.958661315,0.02646428,0.789380831,0.021418784
1,10.602,1.885,28.99,0.934335166,0.024996001,0.77338208,0.020349709
1,10.602,1.905,28.99,0.902768028,0.023557684,0.762258193,0.019578742
1,10.602,1.925,28.99,0.89874866,0.022892652,0.732626739,0.018430815
1,10.602,1.945,28.99,0.875081403,0.02188274,0.710847057,0.017567351
1,10.602,1.965,28.99,0.854857288,0.021055708,0.702464181,0.017105442
1,10.602,1.985,28.99,0.850208055,0.020582519,0.696116954,0.016686217
1,10.602,2.005,28.99,0.855670027,0.020489795,0.68045681,0.016184962
1,10.602,2.025,28.99,0.815852148,0.019440434,0.66221516,0.015657523
1,10.602,2.045,28.99,0.79690279,0.018882627,0.644995122,0.015184625
1,10.602,2.065,28.99,0.794712009,0.01876507,0.640019804,0.015022746
1,10.602,2.085,28.99,0.772459661,0.01809903,0.622042185,0.014506052
1,10.602,2.105,28.99,0.75344594,0.017668417,0.604026851,0.014111412
1,10.602,2.125,28.99,0.745303054,0.017506179,0.609934565,0.014249149
1,10.602,2.145,28.99,0.745755876,0.017368926,0.597616021,0.013886335
1,10.602,2.165,28.99,0.726739326,0.017002769,0.583044838,0.013623038
1,10.602,2.185,28.99,0.709620952,0.01670925,0.584570389,0.013702498
1,10.602,2.205,28.99,0.715488222,0.016897645,0.542225536,0.012886729
1,10.602,2.225,28.99,0.706451053,0.016644582,0.560858547,0.013223209
1,10.602,2.245,28.99,0.702715481,0.016630743,0.538285868,0.012825068
1,10.602,2.265,28.99,0.682675958,0.016335947,0.526678063,0.01267114
1,10.602,2.285,28.99,0.676113302,0.016119669,0.509094481,0.012266547
1,10.602,2.305,28.99,0.650015663,0.015675082,0.514718956,0.012458005
1,10.602,2.325,28.99,0.652109069,0.015851026,0.508363849,0.012435108
1,10.602,2.345,28.99,0.653859517,0.01598255,0.497030904,0.012284923
1,10.602,2.365,28.99,0.620167654,0.015334041,0.489746003,0.012167095
1,10.602,1.905,38.975,0.11780782,0.002390483,0.087732802,0.001774387
1,10.602,1.925,38.975,0.110044389,0.002230432,0.08341067,0.001689025
1,10.602,1.945,38.975,0.105911561,0.002154171,0.078696647,0.001595071
1,10.602,1.965,38.975,0.099939682,0.002036708,0.074594861,0.00152027
1,10.602,1.985,38.975,0.095389016,0.001937081,0.071445317,0.001450475
1,10.602,2.005,38.975,0.091496841,0.001868598,0.067154821,0.001366321
1,10.602,2.025,38.975,0.085901852,0.001761401,0.064878405,0.001328872
1,10.602,2.045,38.975,0.081209518,0.001673202,0.060351618,0.001242276
1,10.602,2.065,38.975,0.076973664,0.001593422,0.057131289,0.001181643
1,10.602,2.085,38.975,0.072107182,0.00150196,0.053532027,0.001105183
1,10.602,2.105,38.975,0.067916516,0.001411824,0.051046066,0.001060375
1,10.602,2.125,38.975,0.065719622,0.001376241,0.047230786,0.00098762
1,10.602,2.145,38.975,0.061158896,0.001279683,0.044874813,0.000945117
1,10.602,2.165,38.975,0.059004338,0.001244268,0.042354754,0.000892078
1,10.602,2.185,38.975,0.054609438,0.001161656,0.039569165,0.000840078
1,10.602,2.205,38.975,0.051801589,0.001102418,0.03812143,0.00080991
1,10.602,2.225,38.975,0.048390439,0.001048107,0.035485391,0.000761171
1,10.602,2.245,38.975,0.045967448,0.000995401,0.033141434,0.000717594
1,10.602,2.265,38.975,0.042753247,0.000936798,0.030951463,0.000679
1,10.602,2.285,38.975,0.040233914,0.00088205,0.028320551,0.000628214
1,10.602,2.305,38.975,0.037381454,0.000831837,0.027412371,0.000608397
1,10.602,2.325,38.975,0.034267799,0.000772261,0.025390988,0.000572535
1,10.602,2.345,38.975,0.032663565,0.000740257,0.023263495,0.000533149
1,10.602,2.365,38.975,0.030483719,0.000700964,0.021999094,0.000505704
1,10.602,2.025,32.975,0.377720957,0.008095041,0.294330988,0.006263874
1,10.602,2.045,32.975,0.372642511,0.008003321,0.289490857,0.006170197
1,10.602,2.065,32.975,0.356141176,0.007609073,0.275361215,0.005880233
1,10.602,2.085,32.975,0.346411154,0.007420902,0.27082147,0.005759485
1,10.602,2.105,32.975,0.342442084,0.007364941,0.260781205,0.005565699
1,10.602,2.125,32.975,0.323945007,0.007005382,0.256290269,0.005492181
1,10.602,2.145,32.975,0.317940192,0.006860197,0.248521457,0.005324878
1,10.602,2.165,32.975,0.311660152,0.006808395,0.236135788,0.005081977
1,10.602,2.185,32.975,0.300622017,0.00656022,0.229557557,0.004974556
1,10.602,2.205,32.975,0.285706875,0.006280544,0.222355856,0.004847539
1,10.602,2.225,32.975,0.286999534,0.00633712,0.213620867,0.004648176
1,10.602,2.245,32.975,0.282253133,0.006218101,0.210019926,0.004601279
1,10.602,2.265,32.975,0.268501178,0.005958061,0.203705501,0.004499357
1,10.602,2.285,32.975,0.26417217,0.005898824,0.195197547,0.00434575
1,10.602,2.305,32.975,0.257528723,0.005760715,0.187289271,0.004211452
1,10.602,2.325,32.975,0.247921438,0.005591981,0.181102173,0.004071637
1,10.602,2.345,32.975,0.241094088,0.005492002,0.176706919,0.004009599
1,10.602,2.365,32.975,0.229865641,0.005288209,0.172510911,0.003914851
1,10.602,2.385,32.975,0.230396381,0.00528925,0.166306002,0.003814798
1,10.602,2.405,32.975,0.220087079,0.005116211,0.159943136,0.003707894
1,10.602,2.425,32.975,0.214250752,0.005022796,0.155978065,0.0036444
1,10.602,2.445,32.975,0.206407641,0.004872234,0.148877701,0.003534414
1,10.602,2.465,32.975,0.201600164,0.004799825,0.143520719,0.003414156
1,10.602,2.485,32.975,0.191607213,0.004639406,0.136510546,0.003300836
1,10.602,2.385,28.99,0.589356565,0.012769558,0.468490292,0.010181762
1,10.602,2.405,28.99,0.573120282,0.012485691,0.457661944,0.010006841
1,10.602,2.425,28.99,0.557864504,0.012221808,0.444202956,0.009749722
1,10.602,2.445,28.99,0.54609732,0.012037034,0.431639201,0.009522669
1,10.602,2.465,28.99,0.539716132,0.011934546,0.418520526,0.009288922
1,10.602,2.485,28.99,0.531510157,0.011727537,0.414526243,0.009186966
1,10.602,2.505,28.99,0.514889708,0.011441767,0.399116411,0.008896746
1,10.602,2.525,28.99,0.513883209,0.011455548,0.389676724,0.008732341
1,10.602,2.545,28.99,0.501746375,0.011245949,0.388272197,0.008761833
1,10.602,2.565,28.99,0.47384924,0.010726302,0.374015126,0.008436248
1,10.602,2.585,28.99,0.471707407,0.010649639,0.370785626,0.008392141
1,10.602,2.605,28.99,0.471845394,0.010713569,0.359783819,0.008229917
1,10.602,2.625,28.99,0.455174117,0.010363377,0.351073657,0.008010085
1,10.602,2.645,28.99,0.449382747,0.010269914,0.346378229,0.007981502
1,10.602,2.665,28.99,0.439189742,0.010134774,0.34025638,0.007906992
1,10.602,2.685,28.99,0.435785067,0.010118061,0.324971634,0.007616473
1,10.602,2.705,28.99,0.42587096,0.009877399,0.319769964,0.00758604
1,10.602,2.725,28.99,0.408827323,0.009567455,0.310525706,0.00734132
1,10.602,2.745,28.99,0.398719325,0.009425317,0.292676043,0.007011293
1,10.602,2.765,28.99,0.390395875,0.009304276,0.297233811,0.007094165
1,10.602,2.785,28.99,0.384777649,0.009138866,0.282912437,0.006846912
1,10.602,2.805,28.99,0.384436232,0.009247811,0.276882334,0.00676783
1,10.602,2.825,28.99,0.365156008,0.00886378,0.27612252,0.006807679
1,10.602,2.845,28.99,0.36688052,0.009001047,0.264394374,0.006614786
1,10.602,2.225,24.98,1.646870661,0.039088853,1.345137351,0.031375477
1,10.602,2.245,24.98,1.594707086,0.03755003,1.337233096,0.030665131
1,10.602,2.265,24.98,1.604597169,0.037541205,1.309577552,0.029996119
1,10.602,2.285,24.98,1.565966973,0.036444558,1.261628238,0.028714003
1,10.602,2.305,24.98,1.571381941,0.036432664,1.277339531,0.028963302
1,10.602,2.325,24.98,1.550848969,0.035843753,1.25497624,0.028300042
1,10.602,2.345,24.98,1.488194445,0.034376714,1.241996092,0.027975898
1,10.602,2.365,24.98,1.482423393,0.034215636,1.202996482,0.02702992
1,10.602,2.385,24.98,1.484299839,0.03420711,1.179171914,0.026476544
1,10.602,2.405,24.98,1.404262357,0.03244019,1.170260576,0.026245517
1,10.602,2.425,24.98,1.392758318,0.032184369,1.170903568,0.026273373
1,10.602,2.445,24.98,1.361632192,0.03157485,1.15079657,0.02570278
1,10.602,2.465,24.98,1.348702696,0.031226579,1.112186231,0.024961815
1,10.602,2.485,24.98,1.352632187,0.031404697,1.094123147,0.024795386
1,10.602,2.505,24.98,1.364583299,0.031754561,1.097855937,0.024705615
1,10.602,2.525,24.98,1.301474183,0.030319138,1.068898348,0.024105055
1,10.602,2.545,24.98,1.290114557,0.030410906,1.031693361,0.023386226
1,10.602,2.565,24.98,1.273029451,0.029954225,1.032125609,0.023519881
1,10.602,2.585,24.98,1.276568502,0.030122334,1.027487449,0.023477925
1,10.602,2.605,24.98,1.246764426,0.029596227,0.995662566,0.022889371
1,10.602,2.625,24.98,1.219777305,0.028965389,1.002208101,0.023152026
1,10.602,2.645,24.98,1.229040629,0.02931724,0.983885199,0.022668762
1,10.602,2.665,24.98,1.176461647,0.028409079,0.959471395,0.022251661
1,10.602,2.685,24.98,1.166961224,0.028265762,0.952230385,0.022101324
1,10.602,2.705,24.98,1.192762396,0.028708143,0.943717056,0.022188374
1,10.602,2.725,24.98,1.135883879,0.027732811,0.941643666,0.022125189
1,10.602,2.745,24.98,1.136529849,0.027861005,0.918032694,0.021658004
1,10.602,2.765,24.98,1.143776122,0.028176491,0.923651492,0.021793813
1,10.602,2.785,24.98,1.129604504,0.027883595,0.89285016,0.021384756
1,10.602,2.805,24.98,1.115571283,0.027696271,0.87762517,0.021083433
1,10.602,2.825,24.98,1.083665031,0.027134812,0.868243878,0.020952264
1,10.602,2.845,24.98,1.088246654,0.027503927,0.856020824,0.020638338
1,10.602,2.865,24.98,1.08116907,0.027430741,0.853289567,0.020894919
1,10.602,2.885,24.98,1.050498795,0.026767532,0.836353293,0.020518538
1,10.602,2.905,24.98,1.025340844,0.026475019,0.820918228,0.020374873
1,10.602,2.925,24.98,1.052020079,0.027181824,0.800433775,0.019989914
1,10.602,2.945,24.98,1.044594805,0.027017351,0.786304937,0.019675645
1,10.602,2.965,24.98,1.031407195,0.026814532,0.775785783,0.019605952
1,10.602,2.385,38.975,0.028241829,0.000606526,0.019845758,0.000425006
1,10.602,2.405,38.975,0.025750999,0.000552677,0.018465673,0.000397588
1,10.602,2.425,38.975,0.023503556,0.000512265,0.016985228,0.000368185
1,10.602,2.445,38.975,0.021416193,0.000467862,0.015379795,0.000333593
1,10.602,2.465,38.975,0.018965964,0.000419505,0.01418243,0.0003115
1,10.602,2.485,38.975,0.017933319,0.000400304,0.013104777,0.000289955
1,10.602,2.505,38.975,0.016615954,0.000372369,0.011981539,0.0002686
1,10.602,2.525,38.975,0.014703367,0.000337058,0.010652592,0.000242159
1,10.602,2.545,38.975,0.013632808,0.000314187,0.009854752,0.000225493
1,10.602,2.565,38.975,0.012106626,0.000284477,0.009040103,0.000209455
1,10.602,2.585,38.975,0.010456695,0.000252964,0.007782604,0.000184081
1,10.602,2.605,38.975,0.009331894,0.000230875,0.007071135,0.000170612
1,10.602,2.625,38.975,0.008922566,0.000221496,0.006562573,0.000160644
1,10.602,2.645,38.975,0.007587924,0.000194292,0.005824814,0.000144953
1,10.602,2.665,38.975,0.006954439,0.00018249,0.00515158,0.000131737
1,10.602,2.685,38.975,0.006062418,0.000164954,0.004584297,0.000120039
1,10.602,2.705,38.975,0.005024322,0.000142378,0.004095395,0.000110326
1,10.602,2.725,38.975,0.004594915,0.000134167,0.003519785,9.73E-05
1,10.602,2.745,38.975,0.003964451,0.000121504,0.002975148,8.62E-05
1,10.602,2.765,38.975,0.003384762,0.000109846,0.002722384,8.14E-05
1,10.602,2.785,38.975,0.002652861,9.20E-05,0.002590842,8.18E-05
1,10.602,2.805,38.975,0.002763607,0.000100552,0.002397727,7.72E-05
1,10.602,2.825,38.975,0.001995579,7.97E-05,0.001909815,6.61E-05
1,10.602,2.845,38.975,0.00165691,6.93E-05,0.001590258,5.87E-05
1,10.602,2.865,38.975,0.001369588,6.47E-05,0.001453584,5.58E-05
1,10.602,2.885,38.975,0.001061823,5.35E-05,0.001249885,5.16E-05
1,10.602,2.905,38.975,0.00070262,4.09E-05,0.001102962,4.82E-05
1,10.602,2.925,38.975,0.000529722,3.35E-05,0.000875628,4.20E-05
1,10.602,2.945,38.975,0.000184037,1.36E-05,0.000729515,3.79E-05
1,10.602,2.505,32.975,0.177190852,0.00371064,0.132103436,0.002740469
1,10.602,2.525,32.975,0.171762176,0.003615265,0.126584945,0.00265023
1,10.602,2.545,32.975,0.16283312,0.003411351,0.12165723,0.002541532
1,10.602,2.565,32.975,0.155813796,0.003248691,0.116184089,0.002433843
1,10.602,2.585,32.975,0.150136599,0.003170107,0.111079126,0.002334347
1,10.602,2.605,32.975,0.144701843,0.003069662,0.107695136,0.002258082
1,10.602,2.625,32.975,0.138702617,0.002929375,0.104300027,0.002204373
1,10.602,2.645,32.975,0.132274478,0.002807758,0.098315897,0.002097331
1,10.602,2.665,32.975,0.126382072,0.002701165,0.09430782,0.001989838
1,10.602,2.685,32.975,0.12256592,0.002631258,0.089049165,0.001888225
1,10.602,2.705,32.975,0.114951728,0.002461152,0.085382488,0.001820157
1,10.602,2.725,32.975,0.111212037,0.002391038,0.081603481,0.001746884
1,10.602,2.745,32.975,0.106348509,0.002302128,0.07878638,0.001699562
1,10.602,2.765,32.975,0.099982038,0.00217871,0.073957622,0.001604974
1,10.602,2.785,32.975,0.094826187,0.002077978,0.070637377,0.001532184
1,10.602,2.805,32.975,0.090647567,0.001983043,0.066853303,0.001455229
1,10.602,2.825,32.975,0.08729788,0.001921379,0.063541374,0.00139478
1,10.602,2.845,32.975,0.082027554,0.001820897,0.059978672,0.001325214
1,10.602,2.865,32.975,0.079898165,0.001774364,0.057288994,0.0012675
1,10.602,2.885,32.975,0.075496424,0.001689948,0.053538635,0.001192915
1,10.602,2.905,32.975,0.071227721,0.001610081,0.051551949,0.001160078
1,10.602,2.925,32.975,0.067386849,0.001535095,0.048477234,0.001100104
1,10.602,2.945,32.975,0.063298735,0.001442015,0.045204905,0.001025572
1,10.602,2.965,32.975,0.06121559,0.001405731,0.044298613,0.001012737
1,10.602,2.985,32.975,0.057261302,0.00133471,0.041048781,0.00095214
1,10.602,3.005,32.975,0.053330398,0.001244401,0.03842596,0.000890808
1,10.602,3.025,32.975,0.050921359,0.001203353,0.0368474,0.000865078
1,10.602,3.045,32.975,0.047192757,0.001131156,0.034571947,0.000822634
1,10.602,3.065,32.975,0.044424692,0.001080506,0.031324908,0.000758656
1,10.602,3.085,32.975,0.042613106,0.001041439,0.030722111,0.000745884
1,10.602,2.405,21.035,3.446273553,0.085573763,2.88193033,0.070561076
1,10.602,2.425,21.035,3.401161412,0.083760992,2.809259356,0.068210497
1,10.602,2.445,21.035,3.355180958,0.081927363,2.808693877,0.067809368
1,10.602,2.465,21.035,3.330380072,0.080932293,2.748002559,0.065843607
1,10.602,2.485,21.035,3.254654173,0.078725306,2.76863418,0.066092881
1,10.602,2.505,21.035,3.243922572,0.078056652,2.734163224,0.065088342
1,10.602,2.525,21.035,3.18420244,0.076537036,2.765492627,0.06529406
1,10.602,2.545,21.035,3.194899228,0.076541224,2.734475563,0.064308235
1,10.602,2.565,21.035,3.202042046,0.07633571,2.669121412,0.062682444
1,10.602,2.585,21.035,3.141901626,0.074669996,2.61205297,0.061252991
1,10.602,2.605,21.035,3.122555906,0.074379753,2.600114734,0.060961634
1,10.602,2.625,21.035,3.077517759,0.073236357,2.572578986,0.060412874
1,10.602,2.645,21.035,2.950158615,0.070746751,2.609657179,0.060782975
1,10.602,2.665,21.035,3.02031212,0.072443393,2.561995444,0.059977247
1,10.602,2.685,21.035,2.944723351,0.070437669,2.479495571,0.058636657
1,10.602,2.705,21.035,2.948822997,0.070632759,2.540470034,0.059665001
1,10.602,2.725,21.035,2.883084021,0.069673116,2.505258186,0.059183934
1,10.602,2.745,21.035,2.892634195,0.069908415,2.408651291,0.056892403
1,10.602,2.765,21.035,2.88050189,0.069508815,2.435033938,0.058071728
1,10.602,2.785,21.035,2.847777076,0.069379015,2.385911638,0.056834029
1,10.602,2.805,21.035,2.864322706,0.06948948,2.38786651,0.057051598
1,10.602,2.825,21.035,2.786155198,0.068284585,2.356322665,0.056612309
1,10.602,2.845,21.035,2.708340837,0.066717671,2.377751457,0.057262579
1,10.602,2.865,21.035,2.705803754,0.067080681,2.308876657,0.056048826
1,10.602,2.885,21.035,2.788335252,0.068506893,2.286378239,0.05540778
1,10.602,2.905,21.035,2.783794956,0.069057905,2.255411227,0.054938267
1,10.602,2.925,21.035,2.685369975,0.067059615,2.26732353,0.055582766
1,10.602,2.945,21.035,2.720643127,0.068098546,2.23213408,0.055079414
1,10.602,2.965,21.035,2.734239533,0.068382364,2.209024758,0.054477477
1,10.602,2.985,21.035,2.712423018,0.068533678,2.248730954,0.055503294
1,10.602,3.005,21.035,2.660652171,0.067538611,2.249937559,0.055763626
1,10.602,3.025,21.035,2.666556134,0.067562153,2.135960291,0.053557692
1,10.602,3.045,21.035,2.60939016,0.066698895,2.143622847,0.05376553
1,10.602,3.065,21.035,2.590674953,0.066563469,2.12964043,0.05399949
1,10.602,3.085,21.035,2.580182764,0.066719098,2.121157507,0.05403853
1,10.602,3.105,21.035,2.57439735,0.066921381,2.118801977,0.054497735
1,10.602,3.125,21.035,2.646099159,0.068745538,2.018734299,0.052084418
1,10.602,3.145,21.035,2.51657842,0.066616699,2.047455495,0.053063546
1,10.602,3.165,21.035,2.465224327,0.065488251,2.006142671,0.052591729
1,10.602,3.185,21.035,2.509175678,0.066236817,2.02206675,0.053244439
1,10.602,3.205,21.035,2.509661583,0.067162871,1.992610719,0.0527477
1,10.602,2.985,24.98,0.949053614,0.021217289,0.747517684,0.016682047
1,10.602,3.005,24.98,0.940665803,0.021142607,0.745127851,0.016729312
1,10.602,3.025,24.98,0.927807308,0.020953123,0.720212391,0.01622751
1,10.602,3.045,24.98,0.90140473,0.020285301,0.705005537,0.015848406
1,10.602,3.065,24.98,0.862865304,0.019671855,0.681159657,0.015398526
1,10.602,3.085,24.98,0.859604224,0.019524199,0.681954154,0.015481756
1,10.602,3.105,24.98,0.84296788,0.019297098,0.666747306,0.015262836
1,10.602,3.125,24.98,0.822185508,0.01887621,0.648228638,0.014855324
1,10.602,3.145,24.98,0.824779873,0.018973571,0.640836106,0.014633411
1,10.602,3.165,24.98,0.822135151,0.018845025,0.626090592,0.014368119
1,10.602,3.185,24.98,0.817878418,0.018892743,0.611226751,0.014138651
1,10.602,3.205,24.98,0.779988487,0.01811404,0.614089004,0.014243459
1,10.602,3.225,24.98,0.78476502,0.018372404,0.578080643,0.013568267
1,10.602,3.245,24.98,0.755686569,0.017777507,0.580028077,0.013580541
1,10.602,3.265,24.98,0.748878323,0.017597232,0.571442499,0.013455332
1,10.602,3.285,24.98,0.74044618,0.017509365,0.560666816,0.013295451
1,10.602,3.305,24.98,0.70393382,0.016774673,0.549818786,0.013099641
1,10.602,3.325,24.98,0.699320686,0.016566891,0.540922696,0.012986669
1,10.602,3.345,24.98,0.683442864,0.016392661,0.523319733,0.01258557
1,10.602,3.365,24.98,0.685575756,0.016526111,0.519150322,0.012553056
1,10.602,3.385,24.98,0.659446312,0.01601127,0.503629679,0.012298923
1,10.602,3.405,24.98,0.648549128,0.015804704,0.49018639,0.011912089
1,10.602,3.425,24.98,0.632797288,0.015446366,0.47024843,0.011580701
1,10.602,3.445,24.98,0.626556881,0.015438685,0.473378249,0.011684993
1,10.602,3.465,24.98,0.613138794,0.015174756,0.463583887,0.011567634
1,10.602,3.485,24.98,0.608328668,0.015053255,0.449224642,0.011217166
1,10.602,3.505,24.98,0.590392382,0.014846236,0.445991734,0.011198465
1,10.602,3.525,24.98,0.589061469,0.014806769,0.445537479,0.011288335
1,10.602,3.545,24.98,0.574798354,0.014668752,0.421925345,0.010718571
1,10.602,3.565,24.98,0.568015782,0.014465209,0.400933905,0.010346745
1,10.602,2.865,28.99,0.345478494,0.007388254,0.256944943,0.005458432
1,10.602,2.885,28.99,0.327742175,0.007021483,0.247170864,0.005255139
1,10.602,2.905,28.99,0.318632734,0.006837168,0.238692828,0.005086573
1,10.602,2.925,28.99,0.310965027,0.006699083,0.231677108,0.004950959
1,10.602,2.945,28.99,0.299579132,0.006487722,0.22185395,0.004758529
1,10.602,2.965,28.99,0.293341395,0.006373386,0.214832275,0.004589062
1,10.602,2.985,28.99,0.284006951,0.006193548,0.211559976,0.004542532
1,10.602,3.005,28.99,0.273973761,0.005961115,0.202089315,0.004351016
1,10.602,3.025,28.99,0.267231756,0.005848757,0.196906046,0.004257559
1,10.602,3.045,28.99,0.254535984,0.005595601,0.19144463,0.004157007
1,10.602,3.065,28.99,0.24842331,0.005438908,0.182641386,0.003943358
1,10.602,3.085,28.99,0.24167039,0.005313093,0.175941665,0.003818192
1,10.602,3.105,28.99,0.234592437,0.005190142,0.169671109,0.003702146
1,10.602,3.125,28.99,0.224594533,0.004990029,0.164725792,0.003607179
1,10.602,3.145,28.99,0.216969276,0.004840172,0.15762717,0.003465815
1,10.602,3.165,28.99,0.208473213,0.004650276,0.151715074,0.003326741
1,10.602,3.185,28.99,0.204029343,0.004568863,0.145155284,0.003201624
1,10.602,3.205,28.99,0.193618087,0.004363814,0.141684033,0.0031401
1,10.602,3.225,28.99,0.186232929,0.004218472,0.136779245,0.00304367
1,10.602,3.245,28.99,0.184002305,0.004180126,0.130020512,0.002920371
1,10.602,3.265,28.99,0.174162836,0.003963213,0.126017951,0.002824547
1,10.602,3.285,28.99,0.170519135,0.003915702,0.120178289,0.002699705
1,10.602,3.305,28.99,0.160205956,0.003708306,0.117626823,0.00267509
1,10.602,3.325,28.99,0.15388277,0.003591099,0.113297586,0.00258873
1,10.602,3.345,28.99,0.14894249,0.003470175,0.106335384,0.002425162
1,10.602,3.365,28.99,0.144047227,0.003389562,0.101222684,0.00232234
1,10.602,3.385,28.99,0.136458817,0.003233275,0.09721101,0.002258586
1,10.602,3.405,28.99,0.131964927,0.003150747,0.092257061,0.002132357
1,10.602,3.425,28.99,0.125938082,0.002999126,0.087646336,0.002036089
1,10.602,3.445,28.99,0.120797151,0.00290857,0.085152454,0.00200037
1,10.602,3.465,28.99,0.113763766,0.002769493,0.081750152,0.001920734
1,10.602,3.485,28.99,0.110246822,0.002717659,0.077375281,0.001850504
1,10.602,3.505,28.99,0.105403484,0.002602305,0.074179822,0.001796204
1,10.602,3.525,28.99,0.099180775,0.002485341,0.070230895,0.001700662
1,10.602,3.545,28.99,0.094361809,0.002368803,0.067848895,0.001660881
1,10.602,3.565,28.99,0.090993696,0.002340312,0.063839846,0.00158388
1,10.602,3.105,32.975,0.03804902,0.00086427,0.027017764,0.000624622
1,10.602,3.125,32.975,0.034423189,0.00079047,0.025829912,0.000599218
1,10.602,3.145,32.975,0.032630119,0.000754461,0.023449306,0.000545248
1,10.602,3.165,32.975,0.030735666,0.000714586,0.022033828,0.000521747
1,10.602,3.185,32.975,0.028365479,0.000670018,0.020670007,0.000491722
1,10.602,3.205,32.975,0.026271112,0.000623234,0.018848991,0.000455319
1,10.602,3.225,32.975,0.024061778,0.000577828,0.017315929,0.000423751
1,10.602,3.245,32.975,0.022352877,0.00054287,0.01608458,0.000399175
1,10.602,3.265,32.975,0.020135829,0.000500208,0.014965758,0.00037564
1,10.602,3.285,32.975,0.018287329,0.000457908,0.013534223,0.000344813
1,10.602,3.305,32.975,0.016446839,0.000419179,0.012390397,0.000319611
1,10.602,3.325,32.975,0.015238896,0.000394535,0.011064518,0.000292759
1,10.602,3.345,32.975,0.013966871,0.000371537,0.010423968,0.000280522
1,10.602,3.365,32.975,0.012669497,0.000341418,0.009147244,0.000252842
1,10.602,3.385,32.975,0.01119585,0.000311683,0.008360668,0.000236431
1,10.602,3.405,32.975,0.010127626,0.000288801,0.007685897,0.000221103
1,10.602,3.425,32.975,0.009150965,0.000266753,0.006771904,0.000199826
1,10.602,3.445,32.975,0.008156952,0.000246974,0.006055369,0.000184675
1,10.602,3.465,32.975,0.00681916,0.000214929,0.005097461,0.00016208
1,10.602,3.485,32.975,0.006765601,0.000222966,0.005339871,0.00017468
1,10.602,3.505,32.975,0.007146016,0.000242064,0.004767075,0.000160647
1,10.602,3.525,32.975,0.004962216,0.000179971,0.004208392,0.00014888
1,10.602,3.545,32.975,0.004336506,0.000160563,0.003627286,0.00013381
1,10.602,3.565,32.975,0.003339948,0.000139245,0.003208854,0.000124869
1,10.602,3.585,32.975,0.003061415,0.000130549,0.003034976,0.000121022
1,10.602,3.605,32.975,0.00236483,0.00010612,0.002493678,0.0001059
1,10.602,3.625,32.975,0.001599947,7.95E-05,0.002160189,9.73E-05
1,10.602,3.645,32.975,0.00144846,7.72E-05,0.001819182,8.73E-05
1,10.602,3.665,32.975,0.00065184,4.13E-05,0.001662729,8.26E-05
1,10.602,3.685,32.975,0.0001108,7.12E-06,0.001366208,7.29E-05
1,10.602,3.225,21.035,2.325316308,0.05388625,1.954682622,0.044070337
1,10.602,3.245,21.035,2.332437532,0.05436237,1.914187911,0.043124703
1,10.602,3.265,21.035,2.331071433,0.054474526,1.926423451,0.043578054
1,10.602,3.285,21.035,2.307820011,0.054187723,1.896695922,0.043016845
1,10.602,3.305,21.035,2.299221223,0.054242459,1.89826267,0.042905342
1,10.602,3.325,21.035,2.248026972,0.053225834,1.836617685,0.041980544
1,10.602,3.345,21.035,2.211033908,0.05263929,1.825581603,0.041923519
1,10.602,3.365,21.035,2.245879868,0.053286723,1.790562966,0.040950257
1,10.602,3.385,21.035,2.147246153,0.051220924,1.774708897,0.041061633
1,10.602,3.405,21.035,2.123979536,0.050927118,1.772200872,0.040771877
1,10.602,3.425,21.035,2.107932764,0.050817539,1.740007317,0.039953024
1,10.602,3.445,21.035,2.085291112,0.050444714,1.712977021,0.039544028
1,10.602,3.465,21.035,2.070438599,0.049887425,1.669004263,0.038733343
1,10.602,3.485,21.035,2.071414343,0.050198005,1.676647356,0.039033286
1,10.602,3.505,21.035,2.040317597,0.049779989,1.625963577,0.038087861
1,10.602,3.525,21.035,2.002220184,0.049056124,1.671702133,0.038922806
1,10.602,3.545,21.035,2.020207242,0.049286874,1.637424622,0.038344765
1,10.602,3.565,21.035,1.996330752,0.049212011,1.59924618,0.037636094
1,10.602,3.585,21.035,1.967852709,0.048536799,1.60177142,0.03784871
1,10.602,3.605,21.035,1.948315303,0.048049267,1.57209336,0.037385753
1,10.602,3.625,21.035,1.989266213,0.049250511,1.549951218,0.036782774
1,10.602,3.645,21.035,1.908573001,0.047687409,1.527527141,0.036480086
1,10.602,3.665,21.035,1.878375049,0.047353814,1.511556872,0.036293673
1,10.602,3.685,21.035,1.870008765,0.04757753,1.500554798,0.036228701
1,10.602,3.705,21.035,1.868684505,0.047018699,1.460263515,0.035122584
1,10.602,3.725,21.035,1.874123427,0.047409714,1.463272321,0.03576646
1,10.602,3.745,21.035,1.847814809,0.047430332,1.467232152,0.035967834
1,10.602,3.765,21.035,1.815511398,0.046463717,1.412402391,0.034571415
1,10.602,3.785,21.035,1.781212404,0.045738519,1.434756432,0.035286775
1,10.602,3.805,21.035,1.78121887,0.046269876,1.400487838,0.034669978
1,10.602,3.825,21.035,1.845901412,0.047439477,1.366124563,0.033846133
1,10.602,3.845,21.035,1.719707458,0.044934504,1.377296043,0.034444004
1,10.602,3.865,21.035,1.716048573,0.045263039,1.309180433,0.032614084
1,10.602,3.885,21.035,1.709097834,0.045187121,1.341880028,0.033813601
1,10.602,3.905,21.035,1.705029421,0.045062871,1.313366211,0.033477708
1,10.602,3.585,24.98,0.518347436,0.011836706,0.391152433,0.008789068
1,10.602,3.605,24.98,0.510821487,0.011535836,0.379240313,0.008577953
1,10.602,3.625,24.98,0.492381416,0.011221902,0.373959373,0.008483277
1,10.602,3.645,24.98,0.481863691,0.011054063,0.359974962,0.008210885
1,10.602,3.665,24.98,0.476957333,0.010979596,0.350010777,0.007952035
1,10.602,3.685,24.98,0.460589812,0.010554647,0.340386789,0.007836971
1,10.602,3.705,24.98,0.450337824,0.010374971,0.328888126,0.007528376
1,10.602,3.725,24.98,0.443063361,0.010289608,0.321656801,0.007404155
1,10.602,3.745,24.98,0.428717067,0.009907517,0.313559135,0.007198661
1,10.602,3.765,24.98,0.41502162,0.009725128,0.306896655,0.007160036
1,10.602,3.785,24.98,0.403619611,0.00945062,0.293709431,0.00681864
1,10.602,3.805,24.98,0.392379005,0.00921642,0.286877619,0.006691631
1,10.602,3.825,24.98,0.373375391,0.008841546,0.277664435,0.006533902
1,10.602,3.845,24.98,0.370107643,0.008818131,0.268466192,0.006289196
1,10.602,3.865,24.98,0.358492969,0.008496327,0.258196355,0.006073046
1,10.602,3.885,24.98,0.343228951,0.008239619,0.253090026,0.006013802
1,10.602,3.905,24.98,0.342345906,0.008240863,0.248722296,0.005957815
1,10.602,3.925,24.98,0.332824705,0.008078678,0.239152889,0.005758153
1,10.602,3.945,24.98,0.316656095,0.007661185,0.229486337,0.005510897
1,10.602,3.965,24.98,0.313112679,0.007632246,0.223578367,0.005416492
1,10.602,3.985,24.98,0.300102769,0.007346355,0.214799233,0.005222974
1,10.602,4.005,24.98,0.287294458,0.007103003,0.205526436,0.005054617
1,10.602,4.025,24.98,0.276414014,0.006843048,0.201219506,0.004980481
1,10.602,4.045,24.98,0.267056213,0.006670141,0.191681217,0.004744828
1,10.602,4.065,24.98,0.263610004,0.006631822,0.189037405,0.004708092
1,10.602,4.085,24.98,0.250996411,0.006392392,0.18144243,0.004574286
1,10.602,4.105,24.98,0.246629159,0.006303783,0.171900214,0.004336161
1,10.602,4.125,24.98,0.239425499,0.006202978,0.165566392,0.004214445
1,10.602,4.145,24.98,0.22333336,0.005827278,0.163631943,0.004226389
1,10.602,4.165,24.98,0.217207133,0.00570397,0.158916933,0.004116327
1,10.602,3.585,28.99,0.084431698,0.001959523,0.058128618,0.001350967
1,10.602,3.605,28.99,0.079540721,0.001861452,0.055735537,0.001294077
1,10.602,3.625,28.99,0.073249183,0.001733561,0.051396125,0.001202991
1,10.602,3.645,28.99,0.069178238,0.001636926,0.04872321,0.001141222
1,10.602,3.665,28.99,0.065995103,0.001571452,0.046243414,0.001098434
1,10.602,3.685,28.99,0.061271763,0.001472667,0.044850748,0.001065783
1,10.602,3.705,28.99,0.058449239,0.001420423,0.040833971,0.000982
1,10.602,3.725,28.99,0.055567947,0.001361673,0.039000916,0.000941932
1,10.602,3.745,28.99,0.050187837,0.001247865,0.03695259,0.000897047
1,10.602,3.765,28.99,0.047776374,0.001199582,0.034264184,0.000837263
1,10.602,3.785,28.99,0.044263756,0.001120241,0.031472921,0.000786326
1,10.602,3.805,28.99,0.04103124,0.00104891,0.029077442,0.000729917
1,10.602,3.825,28.99,0.038574049,0.000999304,0.028142693,0.000713595
1,10.602,3.845,28.99,0.035406083,0.000931253,0.025387007,0.000654906
1,10.602,3.865,28.99,0.03332077,0.000891391,0.023723117,0.000612543
1,10.602,3.885,28.99,0.030479504,0.000826273,0.022280523,0.000583657
1,10.602,3.905,28.99,0.028991021,0.000800737,0.0200899,0.000536901
1,10.602,3.925,28.99,0.025546059,0.000720022,0.01840677,0.000501562
1,10.602,3.945,28.99,0.023968652,0.000687425,0.017325704,0.00047945
1,10.602,3.965,28.99,0.021268315,0.000626874,0.014976706,0.000426558
1,10.602,3.985,28.99,0.020395344,0.000606616,0.014728191,0.000420129
1,10.602,4.005,28.99,0.018466321,0.000567651,0.012393626,0.000368619
1,10.602,4.025,28.99,0.016680822,0.000523553,0.011711179,0.000354093
1,10.602,4.045,28.99,0.014172899,0.000466454,0.011328594,0.000349626
1,10.602,4.065,28.99,0.014874426,0.000503742,0.010523551,0.000333236
1,10.602,4.085,28.99,0.016288226,0.000566824,0.010031803,0.000323071
1,10.602,4.105,28.99,0.013132127,0.000475242,0.008428338,0.00028673
1,10.602,4.125,28.99,0.010151846,0.000385697,0.007795352,0.00027131
1,10.602,4.145,28.99,0.008613329,0.000341762,0.007062521,0.000253194
1,10.602,4.165,28.99,0.007042126,0.000307759,0.006030093,0.000230339
1,10.602,4.185,28.99,0.006218298,0.000280296,0.005648851,0.000220329
1,10.602,4.205,28.99,0.004614972,0.00023075,0.004729482,0.0001957
1,10.602,4.225,28.99,0.003958795,0.00019968,0.004233347,0.000180946
1,10.602,4.245,28.99,0.003384158,0.000179491,0.003615923,0.000163507
1,10.602,4.265,28.99,0.002838346,0.000165219,0.003129857,0.000149494
1,10.602,4.285,28.99,0.001034926,6.82E-05,0.002780124,0.000137586
1,10.602,4.305,28.99,0.000153698,1.06E-05,0.002438936,0.000127436
1,10.602,3.945,21.035,1.598702012,0.037056677,1.238847121,0.028538687
1,10.602,3.965,21.035,1.561309553,0.035960747,1.211940985,0.027933781
1,10.602,3.985,21.035,1.561544748,0.036404778,1.201396118,0.027875462
1,10.602,4.005,21.035,1.505953741,0.035311763,1.194103466,0.02776831
1,10.602,4.025,21.035,1.504010625,0.035352248,1.161764717,0.026886126
1,10.602,4.045,21.035,1.466250414,0.034307464,1.142666767,0.02659297
1,10.602,4.065,21.035,1.446039802,0.034009907,1.129084256,0.026399606
1,10.602,4.085,21.035,1.429050631,0.033707837,1.105967007,0.02589832
1,10.602,4.105,21.035,1.412716226,0.033466925,1.107067459,0.02601777
1,10.602,4.125,21.035,1.386070647,0.032633585,1.055235776,0.024922142
1,10.602,4.145,21.035,1.361701549,0.032481286,1.06608178,0.025013683
1,10.602,4.165,21.035,1.324095673,0.031441185,1.029390377,0.024541733
1,10.602,4.185,21.035,1.31523859,0.031375274,1.0055808,0.023856696
1,10.602,4.205,21.035,1.291302134,0.030861102,0.976918995,0.023272651
1,10.602,4.225,21.035,1.272610563,0.030348519,0.952162388,0.022790753
1,10.602,4.245,21.035,1.263930759,0.030618028,0.960412216,0.023119432
1,10.602,4.265,21.035,1.23920227,0.029808264,0.93911027,0.022706657
1,10.602,4.285,21.035,1.210502828,0.029331518,0.916527543,0.022162753
1,10.602,4.305,21.035,1.189441248,0.028845333,0.917794272,0.022264255
1,10.602,4.325,21.035,1.181262672,0.028804606,0.891446374,0.021497502
1,10.602,4.345,21.035,1.149803624,0.02795567,0.873416714,0.021223857
1,10.602,4.365,21.035,1.131023834,0.02775371,0.866692949,0.021335225
1,10.602,4.385,21.035,1.114090291,0.027448481,0.814448243,0.019981008
1,10.602,4.405,21.035,1.114554326,0.027400922,0.817624723,0.020257918
1,10.602,4.425,21.035,1.07415376,0.026833109,0.796087462,0.019755804
1,10.602,4.445,21.035,1.048275682,0.026129851,0.790025072,0.01946546
1,10.602,4.465,21.035,1.046998825,0.02630807,0.772437946,0.019409498
1,10.602,4.485,21.035,1.022275631,0.025757949,0.75375673,0.018956756
1,10.602,4.505,21.035,1.005792894,0.025501408,0.720217181,0.018162564
1,10.602,4.525,21.035,0.959354595,0.024633769,0.693054614,0.017605912
1,10.602,4.545,21.035,0.957589032,0.024540646,0.709937054,0.017964471
1,10.602,4.565,21.035,0.926558675,0.023660554,0.676033918,0.017213668
1,10.602,4.585,21.035,0.886526956,0.023033093,0.684821489,0.017592743
1,10.602,4.605,21.035,0.890631537,0.023147238,0.652117797,0.01686878
1,10.602,4.625,21.035,0.875305133,0.022763056,0.642529986,0.016706301
1,10.602,4.645,21.035,0.829742708,0.021644866,0.63634071,0.016551314
1,10.602,4.665,21.035,0.833723038,0.022152524,0.624249691,0.016322675
1,10.602,4.685,21.035,0.809271452,0.021445316,0.589209236,0.015513476
1,10.602,4.705,21.035,0.791794205,0.021108747,0.584025683,0.015511578
1,10.602,4.725,21.035,0.774784443,0.020682624,0.556776917,0.014957093
1,10.602,4.745,21.035,0.776919729,0.020860062,0.570046415,0.015356478
1,10.602,4.185,24.98,0.206641275,0.004759391,0.148852433,0.003404786
1,10.602,4.205,24.98,0.198712733,0.004580656,0.144198175,0.003327051
1,10.602,4.225,24.98,0.191329856,0.004425811,0.135293749,0.003101292
1,10.602,4.245,24.98,0.181770513,0.004210877,0.129275617,0.003001151
1,10.602,4.265,24.98,0.175752226,0.004078123,0.124825713,0.002910076
1,10.602,4.285,24.98,0.163687821,0.003789896,0.119163481,0.002758048
1,10.602,4.305,24.98,0.15487788,0.003601289,0.11091182,0.002599424
1,10.602,4.325,24.98,0.151327191,0.003562485,0.106084862,0.002484627
1,10.602,4.345,24.98,0.14047799,0.003328277,0.102003811,0.002395807
1,10.602,4.365,24.98,0.138051283,0.003267444,0.097897088,0.002318636
1,10.602,4.385,24.98,0.127867621,0.003038015,0.092890395,0.002206383
1,10.602,4.405,24.98,0.123628667,0.002960192,0.087346352,0.002079328
1,10.602,4.425,24.98,0.117857346,0.002809282,0.081960268,0.00197065
1,10.602,4.445,24.98,0.110036014,0.00264561,0.078952912,0.001880037
1,10.602,4.465,24.98,0.10422371,0.002514233,0.072541599,0.001764443
1,10.602,4.485,24.98,0.097279648,0.002379229,0.069118868,0.001684893
1,10.602,4.505,24.98,0.091813906,0.002246767,0.064518659,0.00156707
1,10.602,4.525,24.98,0.087468742,0.002163318,0.061991893,0.001532371
1,10.602,4.545,24.98,0.080810258,0.002022141,0.058431337,0.001437609
1,10.602,4.565,24.98,0.076945859,0.001917487,0.053866751,0.00133825
1,10.602,4.585,24.98,0.070947002,0.001797748,0.051356779,0.001296629
1,10.602,4.605,24.98,0.065799965,0.001660432,0.048424602,0.001228337
1,10.602,4.625,24.98,0.062045035,0.001594431,0.043953899,0.001115202
1,10.602,4.645,24.98,0.058000909,0.001494717,0.041537297,0.001073748
1,10.602,4.665,24.98,0.055179134,0.001446675,0.038669539,0.00100994
1,10.602,4.685,24.98,0.051221292,0.001350323,0.03566205,0.000938124
1,10.602,4.705,24.98,0.046888775,0.001256085,0.032594012,0.000866373
1,10.602,4.725,24.98,0.04245911,0.001154578,0.030804355,0.000827488
1,10.602,4.745,24.98,0.039607882,0.001087882,0.027989875,0.000759984
1,10.602,4.765,24.98,0.037934274,0.001064744,0.027341527,0.000752117
1,10.602,4.785,24.98,0.04057594,0.001151912,0.02533414,0.00070921
1,10.602,4.805,24.98,0.041152034,0.001198256,0.023078279,0.00066007
1,10.602,4.825,24.98,0.032750437,0.000970632,0.020891241,0.000607813
1,10.602,4.845,24.98,0.0273715,0.000818724,0.019672102,0.000582821
1,10.602,4.865,24.98,0.023281203,0.000718013,0.017791461,0.000533729
1,10.602,4.885,24.98,0.019725793,0.000632109,0.016286053,0.000499337
1,10.602,4.905,24.98,0.017797205,0.000587851,0.015082839,0.00047281
1,10.602,4.925,24.98,0.015179449,0.000517779,0.013336671,0.000426401
1,10.602,4.945,24.98,0.013214714,0.000456734,0.012547784,0.000410284
1,10.602,4.965,24.98,0.01040423,0.000380909,0.010357302,0.000353785
1,10.602,4.985,24.98,0.009856035,0.00037798,0.0087751,0.000313879
1,10.602,5.005,24.98,0.009358498,0.000364233,0.008052005,0.000291551
1,10.602,5.025,24.98,0.005629224,0.000224055,0.006815213,0.00025767
1,10.602,5.045,24.98,0.001632304,6.93E-05,0.005694243,0.000223292
1,10.602,5.065,24.98,0.000153162,7.15E-06,0.0048046,0.000197389
1,10.602,4.785,21.035,0.707297782,0.01666648,0.517007699,0.012125779
1,10.602,4.805,21.035,0.682058572,0.016045781,0.500248661,0.011647972
1,10.602,4.825,21.035,0.668079628,0.015750278,0.489522403,0.011535219
1,10.602,4.845,21.035,0.651398403,0.01525654,0.472525432,0.011125689
1,10.602,4.865,21.035,0.625307269,0.01476145,0.456414651,0.010649919
1,10.602,4.885,21.035,0.609145284,0.014311935,0.439763453,0.010343082
1,10.602,4.905,21.035,0.57948515,0.013559801,0.427576307,0.00999787
1,10.602,4.925,21.035,0.568342896,0.013468039,0.411215045,0.009705321
1,10.602,4.945,21.035,0.555642533,0.013090952,0.399682773,0.009456991
1,10.602,4.965,21.035,0.52964925,0.012507767,0.386208052,0.009101375
1,10.602,4.985,21.035,0.516229335,0.012248147,0.371126583,0.008755932
1,10.602,5.005,21.035,0.49689744,0.011826777,0.356285256,0.008351663
1,10.602,5.025,21.035,0.475251425,0.011251713,0.340348888,0.008006266
1,10.602,5.045,21.035,0.461670017,0.010981604,0.335215176,0.00799764
1,10.602,5.065,21.035,0.444886594,0.010703828,0.322879878,0.007655747
1,10.602,5.085,21.035,0.437691578,0.010483166,0.314964205,0.007441077
1,10.602,5.105,21.035,0.414330265,0.009947433,0.29967457,0.007158076
1,10.602,5.125,21.035,0.399129691,0.009661459,0.28933572,0.006930836
1,10.602,5.145,21.035,0.385653906,0.009362821,0.274496561,0.006599418
1,10.602,5.165,21.035,0.37714755,0.009186046,0.267081627,0.006414167
1,10.602,5.185,21.035,0.352581795,0.00861515,0.255533473,0.006143757
1,10.602,5.205,21.035,0.34242206,0.008324372,0.242348124,0.005901975
1,10.602,5.225,21.035,0.326830795,0.00797784,0.233454384,0.005658885
1,10.602,5.245,21.035,0.315022749,0.007666295,0.220334703,0.005367071
1,10.602,5.265,21.035,0.298279436,0.007426327,0.212193547,0.00518712
1,10.602,5.285,21.035,0.285345166,0.007091012,0.201748502,0.004952183
1,10.602,5.305,21.035,0.269652305,0.006729743,0.196131103,0.004841092
1,10.602,5.325,21.035,0.262601491,0.006569504,0.184899512,0.00454557
1,10.602,5.345,21.035,0.244278641,0.006101511,0.173595252,0.004290693
1,10.602,5.365,21.035,0.235812974,0.00597789,0.16864335,0.004192579
1,10.602,5.385,21.035,0.221554615,0.005594725,0.158882085,0.003968234
1,10.602,5.405,21.035,0.203531532,0.005181558,0.148269868,0.003692776
1,10.602,5.425,21.035,0.196684434,0.005031888,0.139839592,0.003528469
1,10.602,5.445,21.035,0.18897598,0.004827933,0.134616371,0.003397076
1,10.602,5.465,21.035,0.184299529,0.004742823,0.130294034,0.003304107
1,10.602,5.485,21.035,0.169565328,0.004411605,0.118298391,0.002999471
1,10.602,5.505,21.035,0.159252704,0.004169483,0.111561022,0.002902371
1,10.602,5.525,21.035,0.15259159,0.004022123,0.107069197,0.002759478
1,10.602,5.545,21.035,0.138784821,0.003676842,0.100387269,0.002630822
1,10.602,5.565,21.035,0.130520662,0.003522671,0.092221564,0.002414272
1,10.602,5.585,21.035,0.122155803,0.003310613,0.087993806,0.002330543
1,10.602,5.605,21.035,0.127372979,0.003465244,0.083234109,0.002224422
1,10.602,5.625,21.035,0.145889855,0.004021968,0.078400481,0.002133738
1,10.602,5.645,21.035,0.132278975,0.003673052,0.0710078,0.001908628
1,10.602,5.665,21.035,0.108958221,0.003044889,0.06831375,0.001874928
1,10.602,5.685,21.035,0.088917818,0.00255026,0.062583846,0.001745608
1,10.602,5.705,21.035,0.077890286,0.002229729,0.058475299,0.001634212
1,10.602,5.725,21.035,0.067844563,0.002013039,0.051812966,0.001470774
1,10.602,5.745,21.035,0.062154463,0.001869456,0.050183691,0.001436531
1,10.602,5.765,21.035,0.056253886,0.001725091,0.044518812,0.001292646
1,10.602,5.785,21.035,0.048920864,0.001511142,0.040829353,0.001211327
1,10.602,5.805,21.035,0.04206882,0.001345014,0.037123823,0.001120326
1,10.602,5.825,21.035,0.035299161,0.001174527,0.033050936,0.001011617
1,10.602,5.845,21.035,0.037423015,0.001250605,0.029480941,0.000918022
1,10.602,5.865,21.035,0.038485414,0.001316055,0.026163176,0.00083745
1,10.602,5.885,21.035,0.030007471,0.001061187,0.023406243,0.000759493
1,10.602,5.905,21.035,0.014471466,0.000532665,0.019074922,0.000636594
1,10.602,5.925,21.035,0.004527419,0.000170697,0.016814686,0.000577084
1,10.602,5.945,21.035,0.000502919,2.02E-05,0.014187415,0.000492329
